{"accuracy": [0.4529270827770233, 0.7648125290870667, 0.8182812333106995, 0.860031247138977, 0.8896250128746033, 0.9099583625793457, 0.932895839214325, 0.950166642665863, 0.9597499966621399, 0.9661458134651184, 0.9713437557220459, 0.9748646020889282, 0.9777604341506958, 0.9804166555404663, 0.9819375276565552, 0.981374979019165, 0.984041690826416, 0.9841979146003723, 0.9844895601272583, 0.9841145873069763], "loss": [6.18423318862915, 0.7106330394744873, 0.5519550442695618, 0.4251282513141632, 0.3340623080730438, 0.26673954725265503, 0.1976257562637329, 0.14645899832248688, 0.11767107248306274, 0.09937027841806412, 0.08298881351947784, 0.07371238619089127, 0.06585147976875305, 0.05714431405067444, 0.05262510105967522, 0.055195100605487823, 0.04815968498587608, 0.04786042869091034, 0.045435816049575806, 0.04625016823410988], "val_accuracy": [0.7406250238418579, 0.7693750262260437, 0.7835416793823242, 0.7828333377838135, 0.781208336353302, 0.7755833268165588, 0.7309583425521851, 0.7582083344459534, 0.7821666598320007, 0.762499988079071, 0.765458345413208, 0.796916663646698, 0.7880416512489319, 0.7750833630561829, 0.7872916460037231, 0.7940000295639038, 0.7817500233650208, 0.7928749918937683, 0.7941250205039978, 0.7922499775886536], "val_loss": [0.787763774394989, 0.6975550055503845, 0.656068742275238, 0.6984720230102539, 0.7573551535606384, 0.8188217878341675, 1.121191143989563, 1.082637906074524, 0.9270772933959961, 1.0823866128921509, 1.047773003578186, 1.0011695623397827, 1.059226393699646, 1.117704153060913, 1.0968356132507324, 1.0391048192977905, 1.1958527565002441, 1.174888253211975, 1.1292959451675415, 1.1682755947113037]}